id,name,model_id:id,group_id:id,perm_read,perm_write,perm_create,perm_unlink
access_hr_travel_request_employee,hr.travel.request.employee,model_hr_travel_request,portail_rh.group_portail_rh_employee,1,1,1,0
access_hr_travel_request_manager,hr.travel.request.manager,model_hr_travel_request,portail_rh.group_portail_rh_manager,1,1,0,0
access_hr_travel_request_hr,hr.travel.request.hr,model_hr_travel_request,portail_rh.group_portail_rh_hr,1,1,1,1
access_hr_travel_request_report_employee,hr.travel.request.report.employee,model_hr_travel_request_report,portail_rh.group_portail_rh_employee,1,0,0,0
access_hr_travel_request_report_manager,hr.travel.request.report.manager,model_hr_travel_request_report,portail_rh.group_portail_rh_manager,1,0,0,0
access_hr_travel_request_report_hr,hr.travel.request.report.hr,model_hr_travel_request_report,portail_rh.group_portail_rh_hr,1,0,0,0
access_hr_supply_request_employee,hr.supply.request.employee,model_hr_supply_request,portail_rh.group_portail_rh_employee,1,1,1,0
access_hr_supply_request_manager,hr.supply.request.manager,model_hr_supply_request,portail_rh.group_portail_rh_manager,1,1,0,0
access_hr_supply_request_hr,hr.supply.request.hr,model_hr_supply_request,portail_rh.group_portail_rh_hr,1,1,1,1
access_hr_attestation_request_employee,hr.attestation.request.employee,model_hr_attestation_request,portail_rh.group_portail_rh_employee,1,1,1,0
access_hr_attestation_request_hr,hr.attestation.request.hr,model_hr_attestation_request,portail_rh.group_portail_rh_hr,1,1,1,1
access_hr_attendance_device_log_hr,hr.attendance.device.log.hr,model_hr_attendance_device_log,portail_rh.group_portail_rh_hr,1,0,0,0
access_hr_attendance_device_log_system,hr.attendance.device.log.system,model_hr_attendance_device_log,base.group_system,1,1,1,1
access_hr_onboarding_document_hr,hr.onboarding.document.hr,model_hr_onboarding_document,portail_rh.group_portail_rh_hr,1,1,1,1
access_hr_onboarding_conversation_employee,hr.onboarding.conversation.employee,model_hr_onboarding_conversation,portail_rh.group_portail_rh_employee,1,1,1,0
access_hr_onboarding_message_employee,hr.onboarding.message.employee,model_hr_onboarding_message,portail_rh.group_portail_rh_employee,1,0,0,0
access_hr_onboarding_plan_employee,hr.onboarding.plan.employee,model_hr_onboarding_plan,portail_rh.group_portail_rh_employee,1,0,0,0
access_hr_onboarding_plan_hr,hr.onboarding.plan.hr,model_hr_onboarding_plan,portail_rh.group_portail_rh_hr,1,1,1,1
access_hr_onboarding_plan_line_employee,hr.onboarding.plan.line.employee,model_hr_onboarding_plan_line,portail_rh.group_portail_rh_employee,1,0,0,0
access_hr_onboarding_plan_line_hr,hr.onboarding.plan.line.hr,model_hr_onboarding_plan_line,portail_rh.group_portail_rh_hr,1,1,1,1
access_hr_onboarding_employee_task_employee,hr.onboarding.employee.task.employee,model_hr_onboarding_employee_task,portail_rh.group_portail_rh_employee,1,1,0,0
access_hr_onboarding_employee_task_hr,hr.onboarding.employee.task.hr,model_hr_onboarding_employee_task,portail_rh.group_portail_rh_hr,1,1,1,1
